turbine_id,power_output,z_score
1,10.0,-0.513766086456026
1,12.0,-0.4579219466238493
1,11.0,-0.48584401653993764
1,100.0,1.9992202059919273
1,9.0,-0.5416881563721144
2,20.0,-0.5017161176069538
2,20.5,-0.4947671409087965
2,21.0,-0.4878181642106392
2,200.0,1.9999154937296577
2,19.0,-0.5156140710032683
